{
  "type": "join",
  "neverRecomputeExistingPartitions": false,
  "optionalDependencies": false,
  "customMeta": {
    "kv": {}
  },
  "redispatchPartitioning": false,
  "maxRunningActivities": 0,
  "variables": {},
  "dkuProperties": [],
  "inputs": {
    "main": {
      "items": [
        {
          "ref": "datawarehouse_prepared",
          "deps": []
        },
        {
          "ref": "datawarehouse_by_trimestre_prepared",
          "deps": []
        },
        {
          "ref": "datawarehouse_by_inicio_credito_prepared",
          "deps": []
        },
        {
          "ref": "datawarehouse_by_acreedor_prepared",
          "deps": []
        },
        {
          "ref": "datawarehouse_by_detalle_tipo_deuda_prepared",
          "deps": []
        }
      ]
    }
  },
  "outputs": {
    "main": {
      "items": [
        {
          "ref": "datawarehouse_prepared_producto_id",
          "appendMode": false
        }
      ]
    }
  },
  "labels": [],
  "versionTag": {
    "versionNumber": 4,
    "lastModifiedBy": {
      "login": "admin"
    },
    "lastModifiedOn": 1654897969853
  },
  "creationTag": {
    "versionNumber": 0,
    "lastModifiedBy": {
      "login": "admin"
    },
    "lastModifiedOn": 1654896674016
  },
  "tags": [],
  "customFields": {},
  "checklists": {
    "checklists": []
  }
}