{
  "script": {
    "steps": [],
    "maxProcessedMemTableBytes": -1,
    "columnsSelection": {
      "mode": "ALL"
    },
    "columnWidthsByName": {
      "anio": 100,
      "trimestre": 100,
      "mes": 100,
      "no_registro": 127,
      "tipo_deuda": 120,
      "detalle_tipo_deuda": 176,
      "acreedor": 106,
      "concepto": 134,
      "inicio_credito": 148,
      "fin_credito": 127,
      "dias_contrato": 113,
      "dias_restantes_contrato": 188,
      "disposicion_inicial_credito": 218,
      "colocacion_periodo": 150,
      "amortizaciones_periodo": 180,
      "intereses_periodo": 143,
      "pago_servicio_deuda": 158,
      "saldo_periodo": 141,
      "endeudamiento_periodo": 173,
      "tasa": 100,
      "sobretasa": 100,
      "tasa_final": 100
    },
    "coloring": {
      "scheme": "MEANING_AND_STATUS",
      "individualColumns": [],
      "valueColoringMode": "HASH"
    },
    "sorting": [
      {
        "column": "no_registro",
        "ascending": true
      }
    ],
    "analysisColumnData": {},
    "explorationSampling": {
      "selection": {
        "maxStoredBytes": 104857600,
        "timeout": -1,
        "filter": {
          "distinct": false,
          "enabled": false
        },
        "partitionSelectionMethod": "ALL",
        "latestPartitionsN": 1,
        "ordering": {
          "enabled": false,
          "rules": []
        },
        "samplingMethod": "HEAD_SEQUENTIAL",
        "maxRecords": 10000,
        "targetRatio": 0.02,
        "withinFirstN": -1,
        "maxReadUncompressedBytes": -1
      },
      "autoRefreshSample": false,
      "_refreshTrigger": 0
    },
    "vizSampling": {
      "autoRefreshSample": false,
      "_refreshTrigger": 0
    },
    "exploreUIParams": {
      "autoRefresh": true
    },
    "globalSearchQuery": "",
    "explorationFilters": [],
    "previewMode": "ALL_ROWS"
  },
  "charts": []
}