{
  "script": {
    "steps": [],
    "maxProcessedMemTableBytes": -1,
    "columnsSelection": {
      "mode": "ALL"
    },
    "columnWidthsByName": {
      "anio": 100,
      "trimestre": 100,
      "mes": 100,
      "no_registro": 127,
      "tipo_deuda": 120,
      "detalle_tipo_deuda": 176,
      "acreedor": 106,
      "concepto": 127,
      "inicio_credito": 148,
      "fin_credito": 127,
      "dias_contrato": 113,
      "dias_restantes_contrato": 188,
      "disposicion_inicial_credito": 218,
      "colocacion_periodo": 150,
      "amortizaciones_periodo": 180,
      "intereses_periodo": 251,
      "pago_servicio_deuda": 183,
      "saldo_periodo": 141,
      "endeudamiento_periodo": 173,
      "tasa": 100,
      "sobretasa": 100,
      "tasa_final": 100,
      "id_periodo": 100
    },
    "coloring": {
      "scheme": "MEANING_AND_STATUS",
      "individualColumns": [],
      "valueColoringMode": "HASH"
    },
    "sorting": [
      {
        "column": "concepto",
        "ascending": true
      }
    ],
    "analysisColumnData": {},
    "explorationSampling": {
      "selection": {
        "maxStoredBytes": 104857600,
        "timeout": -1,
        "filter": {
          "distinct": false,
          "enabled": false,
          "uiData": {
            "mode": "\u0026\u0026",
            "conditions": [
              {
                "input": "anio",
                "operator": "\u003d\u003d [number]",
                "col": "trimestre",
                "num": 0.0
              }
            ]
          }
        },
        "partitionSelectionMethod": "ALL",
        "latestPartitionsN": 1,
        "ordering": {
          "enabled": false,
          "rules": []
        },
        "samplingMethod": "HEAD_SEQUENTIAL",
        "maxRecords": 10000,
        "targetRatio": 0.02,
        "withinFirstN": -1,
        "maxReadUncompressedBytes": -1
      },
      "autoRefreshSample": false,
      "_refreshTrigger": 0
    },
    "vizSampling": {
      "autoRefreshSample": false,
      "_refreshTrigger": 0
    },
    "exploreUIParams": {
      "autoRefresh": true
    },
    "globalSearchQuery": "",
    "explorationFilters": [
      {
        "column": "tasa",
        "type": "columnFilter",
        "currentMode": "FACET",
        "active": true,
        "facet": {
          "type": "facet",
          "column": "tasa",
          "columnType": "NUMERICAL",
          "currentMode": "NUMERICAL",
          "sort": "count",
          "selectedValues": {}
        },
        "alphanumFilter": {
          "type": "alphanum",
          "column": "tasa",
          "values": [],
          "params": {
            "mode": "full_string",
            "normalization": "exact"
          }
        },
        "validityFilter": {
          "type": "validity",
          "column": "tasa",
          "params": {
            "type": "DoubleMeaning",
            "ok": false,
            "nok": true,
            "empty": false
          }
        }
      }
    ],
    "previewMode": "ALL_ROWS"
  },
  "charts": []
}